policy,scenario,trial,cold_starts,predictive_cold_starts,reactive_cold_starts,warm_hits,wasted_prewarms,spawn_failures,gap_observations,pool_size,predicted_gap_s,predictor,predictive,startup_lead_s
serverless_predictive_ewma,cyclical,0,15,1,14,61,0,0,4,3,9.851293996810913,ewma,True,0.1
serverless_predictive_ewma,cyclical,1,15,0,15,60,0,0,4,3,9.161980850219726,ewma,True,0.1
serverless_predictive_ewma,cyclical,2,15,2,13,62,0,0,4,3,9.724983812332153,ewma,True,0.1
serverless_predictive_ewma,cyclical,3,15,1,14,61,0,0,4,3,9.620997295379638,ewma,True,0.1
serverless_predictive_ewma,cyclical,4,15,1,14,61,0,0,4,3,9.895153759002685,ewma,True,0.1
serverless_predictive_ewma,cyclical,5,15,1,14,61,0,0,4,3,9.306055669784547,ewma,True,0.1
serverless_predictive_lastgap,cyclical,0,15,2,13,62,0,0,4,3,10.420978784561157,lastgap,True,0.1
serverless_predictive_lastgap,cyclical,1,15,1,14,61,0,0,4,3,8.762827396392822,lastgap,True,0.1
serverless_predictive_lastgap,cyclical,2,15,1,14,61,0,0,4,3,9.854271411895752,lastgap,True,0.1
serverless_predictive_lastgap,cyclical,3,15,1,14,61,0,0,4,3,8.896146535873413,lastgap,True,0.1
serverless_predictive_lastgap,cyclical,4,15,2,13,62,0,0,4,3,9.640763521194458,lastgap,True,0.1
serverless_predictive_lastgap,cyclical,5,15,1,14,61,0,0,4,3,8.879229307174683,lastgap,True,0.1
serverless_predictive_movavg,cyclical,0,15,2,13,62,0,0,4,3,9.431744933128357,movavg,True,0.1
serverless_predictive_movavg,cyclical,1,15,0,15,60,0,0,4,3,9.176526367664337,movavg,True,0.1
serverless_predictive_movavg,cyclical,2,15,2,13,62,0,0,4,3,9.589122653007507,movavg,True,0.1
serverless_predictive_movavg,cyclical,3,15,1,14,61,0,0,4,3,9.537037909030914,movavg,True,0.1
serverless_predictive_movavg,cyclical,4,15,1,14,61,0,0,4,3,9.874509036540985,movavg,True,0.1
serverless_predictive_movavg,cyclical,5,15,1,14,61,0,0,4,3,9.312718093395233,movavg,True,0.1
serverless_predictive_fixed,cyclical,0,15,3,12,63,0,0,4,3,9.0,fixed,True,0.1
serverless_predictive_fixed,cyclical,1,15,2,13,62,0,0,4,3,9.0,fixed,True,0.1
serverless_predictive_fixed,cyclical,2,15,3,12,63,0,0,4,3,9.0,fixed,True,0.1
serverless_predictive_fixed,cyclical,3,15,2,13,62,0,0,4,3,9.0,fixed,True,0.1
serverless_predictive_fixed,cyclical,4,15,4,11,64,0,0,4,3,9.0,fixed,True,0.1
serverless_predictive_fixed,cyclical,5,15,2,13,62,0,0,4,3,9.0,fixed,True,0.1
serverless_predictive_ewma,cyclical,0,15,2,13,62,0,0,4,3,9.613873216629027,ewma,True,0.25
serverless_predictive_ewma,cyclical,1,15,0,15,60,0,0,4,3,9.173267345428467,ewma,True,0.25
serverless_predictive_ewma,cyclical,2,15,2,13,62,0,0,4,3,9.698458625793457,ewma,True,0.25
serverless_predictive_ewma,cyclical,3,15,1,14,61,0,0,4,3,9.438093490600586,ewma,True,0.25
serverless_predictive_ewma,cyclical,4,15,2,13,62,0,0,4,3,9.806990118026732,ewma,True,0.25
serverless_predictive_ewma,cyclical,5,15,1,14,61,0,0,4,3,9.28451801300049,ewma,True,0.25
serverless_predictive_lastgap,cyclical,0,15,2,13,62,0,0,4,3,10.41294264793396,lastgap,True,0.25
serverless_predictive_lastgap,cyclical,1,15,1,14,61,0,0,4,3,8.628062963485718,lastgap,True,0.25
serverless_predictive_lastgap,cyclical,2,15,1,14,61,0,0,4,3,9.87746524810791,lastgap,True,0.25
serverless_predictive_lastgap,cyclical,3,15,1,14,61,0,0,4,3,8.869959592819214,lastgap,True,0.25
serverless_predictive_lastgap,cyclical,4,15,2,13,62,0,0,4,3,9.641177892684937,lastgap,True,0.25
serverless_predictive_lastgap,cyclical,5,15,1,14,61,0,0,4,3,8.790601253509521,lastgap,True,0.25
serverless_predictive_movavg,cyclical,0,15,2,13,62,0,0,4,3,9.49548077583313,movavg,True,0.25
serverless_predictive_movavg,cyclical,1,15,0,15,60,0,0,4,3,9.216973602771759,movavg,True,0.25
serverless_predictive_movavg,cyclical,2,15,2,13,62,0,0,4,3,9.574333667755127,movavg,True,0.25
serverless_predictive_movavg,cyclical,3,15,1,14,61,0,0,4,3,9.48786598443985,movavg,True,0.25
serverless_predictive_movavg,cyclical,4,15,2,13,62,0,0,4,3,9.875412702560425,movavg,True,0.25
serverless_predictive_movavg,cyclical,5,15,1,14,61,0,0,4,3,9.344690144062042,movavg,True,0.25
serverless_predictive_fixed,cyclical,0,15,4,11,64,0,0,4,3,9.0,fixed,True,0.25
serverless_predictive_fixed,cyclical,1,15,3,12,63,0,0,4,3,9.0,fixed,True,0.25
serverless_predictive_fixed,cyclical,2,15,3,12,63,0,0,4,3,9.0,fixed,True,0.25
serverless_predictive_fixed,cyclical,3,15,4,11,64,0,0,4,3,9.0,fixed,True,0.25
serverless_predictive_fixed,cyclical,4,15,4,11,64,0,0,4,3,9.0,fixed,True,0.25
serverless_predictive_fixed,cyclical,5,15,3,12,63,0,0,4,3,9.0,fixed,True,0.25
serverless_predictive_ewma,cyclical,0,15,3,12,63,0,0,4,3,9.586456352233888,ewma,True,0.5
serverless_predictive_ewma,cyclical,1,15,0,15,60,0,0,4,3,9.17743997001648,ewma,True,0.5
serverless_predictive_ewma,cyclical,2,15,3,12,63,0,0,4,3,9.670169549942017,ewma,True,0.5
serverless_predictive_ewma,cyclical,3,15,1,14,61,0,0,4,3,9.384033611297609,ewma,True,0.5
serverless_predictive_ewma,cyclical,4,15,2,13,62,0,0,4,3,9.776898126602173,ewma,True,0.5
serverless_predictive_ewma,cyclical,5,15,1,14,61,0,0,4,3,9.271940889358522,ewma,True,0.5
serverless_predictive_lastgap,cyclical,0,15,2,13,62,0,0,4,3,10.474308729171753,lastgap,True,0.5
serverless_predictive_lastgap,cyclical,1,15,2,13,62,0,0,4,3,8.60451865196228,lastgap,True,0.5
serverless_predictive_lastgap,cyclical,2,15,3,12,63,0,0,4,3,9.885772705078125,lastgap,True,0.5
serverless_predictive_lastgap,cyclical,3,15,1,14,61,0,0,4,3,8.9365816116333,lastgap,True,0.5
serverless_predictive_lastgap,cyclical,4,15,2,13,62,0,0,4,3,9.69840693473816,lastgap,True,0.5
serverless_predictive_lastgap,cyclical,5,15,1,14,61,0,0,4,3,8.787673234939575,lastgap,True,0.5
serverless_predictive_movavg,cyclical,0,15,3,12,63,0,0,4,3,9.474522054195404,movavg,True,0.5
serverless_predictive_movavg,cyclical,1,15,2,13,62,0,0,4,3,9.21915489435196,movavg,True,0.5
serverless_predictive_movavg,cyclical,2,15,3,12,63,0,0,4,3,9.554516017436981,movavg,True,0.5
serverless_predictive_movavg,cyclical,3,15,1,14,61,0,0,4,3,9.474388599395752,movavg,True,0.5
serverless_predictive_movavg,cyclical,4,15,2,13,62,0,0,4,3,9.8424551486969,movavg,True,0.5
serverless_predictive_movavg,cyclical,5,15,1,14,61,0,0,4,3,9.299932897090912,movavg,True,0.5
serverless_predictive_fixed,cyclical,0,15,4,11,64,0,0,4,3,9.0,fixed,True,0.5
serverless_predictive_fixed,cyclical,1,15,4,11,64,0,0,4,3,9.0,fixed,True,0.5
serverless_predictive_fixed,cyclical,2,15,4,11,64,0,0,4,3,9.0,fixed,True,0.5
serverless_predictive_fixed,cyclical,3,15,4,11,64,0,0,4,3,9.0,fixed,True,0.5
serverless_predictive_fixed,cyclical,4,15,4,11,64,0,0,4,3,9.0,fixed,True,0.5
serverless_predictive_fixed,cyclical,5,15,4,11,64,0,0,4,3,9.0,fixed,True,0.5
serverless_predictive_ewma,cyclical,0,15,3,12,63,0,0,4,3,9.553287042617798,ewma,True,1.5
serverless_predictive_ewma,cyclical,1,15,3,12,63,0,0,4,3,9.01974912071228,ewma,True,1.5
serverless_predictive_ewma,cyclical,2,15,3,12,63,0,0,4,3,9.646540466308593,ewma,True,1.5
serverless_predictive_ewma,cyclical,3,15,3,12,63,0,0,4,3,9.346175872802734,ewma,True,1.5
serverless_predictive_ewma,cyclical,4,15,3,12,63,0,0,4,3,9.670592271804809,ewma,True,1.5
serverless_predictive_ewma,cyclical,5,15,3,12,63,0,0,4,3,9.211774866104125,ewma,True,1.5
serverless_predictive_lastgap,cyclical,0,15,3,12,63,0,0,4,3,10.185794591903687,lastgap,True,1.5
serverless_predictive_lastgap,cyclical,1,15,3,12,63,0,0,4,3,8.644005060195923,lastgap,True,1.5
serverless_predictive_lastgap,cyclical,2,15,3,12,63,0,0,4,3,9.876675605773926,lastgap,True,1.5
serverless_predictive_lastgap,cyclical,3,15,3,12,63,0,0,4,3,8.894948244094849,lastgap,True,1.5
serverless_predictive_lastgap,cyclical,4,15,3,12,63,0,0,4,3,9.42025876045227,lastgap,True,1.5
serverless_predictive_lastgap,cyclical,5,15,3,12,63,0,0,4,3,8.759269714355469,lastgap,True,1.5
serverless_predictive_movavg,cyclical,0,15,3,12,63,0,0,4,3,9.421253502368927,movavg,True,1.5
serverless_predictive_movavg,cyclical,1,15,3,12,63,0,0,4,3,9.074792742729187,movavg,True,1.5
serverless_predictive_movavg,cyclical,2,15,3,12,63,0,0,4,3,9.533403158187866,movavg,True,1.5
serverless_predictive_movavg,cyclical,3,15,3,12,63,0,0,4,3,9.408795475959778,movavg,True,1.5
serverless_predictive_movavg,cyclical,4,15,3,12,63,0,0,4,3,9.81615525484085,movavg,True,1.5
serverless_predictive_movavg,cyclical,5,15,3,12,63,0,0,4,3,9.241758525371552,movavg,True,1.5
serverless_predictive_fixed,cyclical,0,15,4,11,64,0,0,4,3,9.0,fixed,True,1.5
serverless_predictive_fixed,cyclical,1,15,4,11,64,0,0,4,3,9.0,fixed,True,1.5
serverless_predictive_fixed,cyclical,2,15,4,11,64,0,0,4,3,9.0,fixed,True,1.5
serverless_predictive_fixed,cyclical,3,15,4,11,64,0,0,4,3,9.0,fixed,True,1.5
serverless_predictive_fixed,cyclical,4,15,4,11,64,0,0,4,3,9.0,fixed,True,1.5
serverless_predictive_fixed,cyclical,5,15,4,11,64,0,0,4,3,9.0,fixed,True,1.5
