policy,scenario,trial,cold_starts,predictive_cold_starts,reactive_cold_starts,warm_hits,wasted_prewarms,spawn_failures,gap_observations,pool_size,predicted_gap_s,predictor,predictive,run_label
container,bimodal,0,,,,,,,,,,,,container
container,bimodal,1,,,,,,,,,,,,container
container,bimodal,2,,,,,,,,,,,,container
container,bimodal,3,,,,,,,,,,,,container
container,bimodal,4,,,,,,,,,,,,container
container,bimodal,5,,,,,,,,,,,,container
container,bimodal,6,,,,,,,,,,,,container
container,bimodal,7,,,,,,,,,,,,container
container,bimodal,8,,,,,,,,,,,,container
container,bimodal,9,,,,,,,,,,,,container
container,bimodal,10,,,,,,,,,,,,container
container,bimodal,11,,,,,,,,,,,,container
container,bimodal,12,,,,,,,,,,,,container
container,bimodal,13,,,,,,,,,,,,container
container,bimodal,14,,,,,,,,,,,,container
serverless_reactive,bimodal,0,6,0,6,69,0,0,4,3,6.093121839523315,ewma,False,serverless_reactive
serverless_reactive,bimodal,1,9,0,9,66,0,0,4,3,8.007990293502807,ewma,False,serverless_reactive
serverless_reactive,bimodal,2,15,0,15,60,0,0,4,3,14.036303962707517,ewma,False,serverless_reactive
serverless_reactive,bimodal,3,12,0,12,63,0,0,4,3,9.049416320800782,ewma,False,serverless_reactive
serverless_reactive,bimodal,4,9,0,9,66,0,0,4,3,8.174765911102295,ewma,False,serverless_reactive
serverless_reactive,bimodal,5,3,0,3,72,0,0,4,3,4.944484409332276,ewma,False,serverless_reactive
serverless_reactive,bimodal,6,6,0,6,69,0,0,4,3,6.117174583435059,ewma,False,serverless_reactive
serverless_reactive,bimodal,7,9,0,9,66,0,0,4,3,6.408999853134156,ewma,False,serverless_reactive
serverless_reactive,bimodal,8,9,0,9,66,0,0,4,3,11.197045169830321,ewma,False,serverless_reactive
serverless_reactive,bimodal,9,9,0,9,66,0,0,4,3,10.833583896636963,ewma,False,serverless_reactive
serverless_reactive,bimodal,10,6,0,6,69,0,0,4,3,5.216507761001587,ewma,False,serverless_reactive
serverless_reactive,bimodal,11,6,0,6,69,0,0,4,3,7.096083290100097,ewma,False,serverless_reactive
serverless_reactive,bimodal,12,9,0,9,66,0,0,4,3,10.11089492416382,ewma,False,serverless_reactive
serverless_reactive,bimodal,13,9,0,9,66,0,0,4,3,8.109644247055055,ewma,False,serverless_reactive
serverless_reactive,bimodal,14,6,0,6,69,0,0,4,3,6.069615074157714,ewma,False,serverless_reactive
serverless_reactive,bimodal,0,6,0,6,69,0,0,4,3,6.099746767044067,ewma,False,serverless_keepalive10
serverless_reactive,bimodal,1,9,0,9,66,0,0,4,3,8.006031496047974,ewma,False,serverless_keepalive10
serverless_reactive,bimodal,2,15,0,15,60,0,0,4,3,14.038399293899534,ewma,False,serverless_keepalive10
serverless_reactive,bimodal,3,9,0,9,66,0,0,4,3,8.949012693405152,ewma,False,serverless_keepalive10
serverless_reactive,bimodal,4,9,0,9,66,0,0,4,3,8.182625970840453,ewma,False,serverless_keepalive10
serverless_reactive,bimodal,5,3,0,3,72,0,0,4,3,4.938768262863159,ewma,False,serverless_keepalive10
serverless_reactive,bimodal,6,6,0,6,69,0,0,4,3,6.121494611740113,ewma,False,serverless_keepalive10
serverless_reactive,bimodal,7,9,0,9,66,0,0,4,3,6.371909412384033,ewma,False,serverless_keepalive10
serverless_reactive,bimodal,8,9,0,9,66,0,0,4,3,11.189738229751587,ewma,False,serverless_keepalive10
serverless_reactive,bimodal,9,9,0,9,66,0,0,4,3,10.854910755157471,ewma,False,serverless_keepalive10
serverless_reactive,bimodal,10,6,0,6,69,0,0,4,3,5.175020961761474,ewma,False,serverless_keepalive10
serverless_reactive,bimodal,11,6,0,6,69,0,0,4,3,7.075277793884277,ewma,False,serverless_keepalive10
serverless_reactive,bimodal,12,9,0,9,66,0,0,4,3,10.105085037231444,ewma,False,serverless_keepalive10
serverless_reactive,bimodal,13,9,0,9,66,0,0,4,3,8.122089645385742,ewma,False,serverless_keepalive10
serverless_reactive,bimodal,14,6,0,6,69,0,0,4,3,6.039430345535278,ewma,False,serverless_keepalive10
serverless_predictive_ewma,bimodal,0,7,2,5,70,1,0,4,3,6.0484747848510745,ewma,True,serverless_predictive_ewma
serverless_predictive_ewma,bimodal,1,9,1,8,67,0,0,4,3,7.970892044067384,ewma,True,serverless_predictive_ewma
serverless_predictive_ewma,bimodal,2,15,2,13,62,0,0,4,3,13.911485681533815,ewma,True,serverless_predictive_ewma
serverless_predictive_ewma,bimodal,3,12,2,10,65,0,0,4,3,8.862581531524658,ewma,True,serverless_predictive_ewma
serverless_predictive_ewma,bimodal,4,9,1,8,67,0,0,4,3,8.175952316284178,ewma,True,serverless_predictive_ewma
serverless_predictive_ewma,bimodal,5,3,0,3,72,0,0,4,3,4.9503241024017335,ewma,True,serverless_predictive_ewma
serverless_predictive_ewma,bimodal,6,6,0,6,69,0,0,4,3,6.122802951812743,ewma,True,serverless_predictive_ewma
serverless_predictive_ewma,bimodal,7,9,2,7,68,0,0,4,3,6.245036554336548,ewma,True,serverless_predictive_ewma
serverless_predictive_ewma,bimodal,8,10,3,7,68,1,0,4,3,11.128346248626709,ewma,True,serverless_predictive_ewma
serverless_predictive_ewma,bimodal,9,10,3,7,68,1,0,4,3,10.772482322692872,ewma,True,serverless_predictive_ewma
serverless_predictive_ewma,bimodal,10,7,2,5,70,1,0,4,3,5.127047189712524,ewma,True,serverless_predictive_ewma
serverless_predictive_ewma,bimodal,11,6,1,5,70,0,0,4,3,6.96992586517334,ewma,True,serverless_predictive_ewma
serverless_predictive_ewma,bimodal,12,9,1,8,67,0,0,4,3,10.019291210174561,ewma,True,serverless_predictive_ewma
serverless_predictive_ewma,bimodal,13,9,2,7,68,0,0,4,3,7.999900239944457,ewma,True,serverless_predictive_ewma
serverless_predictive_ewma,bimodal,14,6,0,6,69,0,0,4,3,6.053788646697998,ewma,True,serverless_predictive_ewma
serverless_predictive_lastgap,bimodal,0,7,2,5,70,1,0,4,3,3.7811830043792725,lastgap,True,serverless_predictive_lastgap
serverless_predictive_lastgap,bimodal,1,9,1,8,67,0,0,4,3,3.222933053970337,lastgap,True,serverless_predictive_lastgap
serverless_predictive_lastgap,bimodal,2,15,2,13,62,0,0,4,3,11.470784187316895,lastgap,True,serverless_predictive_lastgap
serverless_predictive_lastgap,bimodal,3,12,2,10,65,0,0,4,3,4.811704397201538,lastgap,True,serverless_predictive_lastgap
serverless_predictive_lastgap,bimodal,4,9,1,8,67,0,0,4,3,11.042239427566528,lastgap,True,serverless_predictive_lastgap
serverless_predictive_lastgap,bimodal,5,3,0,3,72,0,0,4,3,4.838494300842285,lastgap,True,serverless_predictive_lastgap
serverless_predictive_lastgap,bimodal,6,6,0,6,69,0,0,4,3,5.433978319168091,lastgap,True,serverless_predictive_lastgap
serverless_predictive_lastgap,bimodal,7,9,2,7,68,0,0,4,3,2.90582275390625,lastgap,True,serverless_predictive_lastgap
serverless_predictive_lastgap,bimodal,8,11,4,7,68,2,0,4,3,17.711360216140747,lastgap,True,serverless_predictive_lastgap
serverless_predictive_lastgap,bimodal,9,10,3,7,68,1,0,4,3,16.9080867767334,lastgap,True,serverless_predictive_lastgap
serverless_predictive_lastgap,bimodal,10,7,2,5,70,1,0,4,3,2.619582414627075,lastgap,True,serverless_predictive_lastgap
serverless_predictive_lastgap,bimodal,11,6,1,5,70,0,0,4,3,6.240267515182495,lastgap,True,serverless_predictive_lastgap
serverless_predictive_lastgap,bimodal,12,10,2,8,67,1,0,4,3,6.099228143692017,lastgap,True,serverless_predictive_lastgap
serverless_predictive_lastgap,bimodal,13,9,2,7,68,0,0,4,3,5.964032411575317,lastgap,True,serverless_predictive_lastgap
serverless_predictive_lastgap,bimodal,14,6,0,6,69,0,0,4,3,4.113330125808716,lastgap,True,serverless_predictive_lastgap
serverless_predictive_movavg,bimodal,0,7,2,5,70,1,0,4,3,7.362042605876923,movavg,True,serverless_predictive_movavg
serverless_predictive_movavg,bimodal,1,9,1,8,67,0,0,4,3,9.80558967590332,movavg,True,serverless_predictive_movavg
serverless_predictive_movavg,bimodal,2,15,2,13,62,0,0,4,3,14.332388460636139,movavg,True,serverless_predictive_movavg
serverless_predictive_movavg,bimodal,3,12,2,10,65,0,0,4,3,9.84115755558014,movavg,True,serverless_predictive_movavg
serverless_predictive_movavg,bimodal,4,9,1,8,67,0,0,4,3,7.394741714000702,movavg,True,serverless_predictive_movavg
serverless_predictive_movavg,bimodal,5,3,0,3,72,0,0,4,3,4.743084013462067,movavg,True,serverless_predictive_movavg
serverless_predictive_movavg,bimodal,6,6,0,6,69,0,0,4,3,6.182468950748444,movavg,True,serverless_predictive_movavg
serverless_predictive_movavg,bimodal,7,9,2,7,68,0,0,4,3,7.124543070793152,movavg,True,serverless_predictive_movavg
serverless_predictive_movavg,bimodal,8,11,3,8,67,2,0,4,3,10.1441730260849,movavg,True,serverless_predictive_movavg
serverless_predictive_movavg,bimodal,9,10,3,7,68,1,0,4,3,9.058440625667572,movavg,True,serverless_predictive_movavg
serverless_predictive_movavg,bimodal,10,7,2,5,70,1,0,4,3,6.5384708642959595,movavg,True,serverless_predictive_movavg
serverless_predictive_movavg,bimodal,11,6,1,5,70,0,0,4,3,6.628953039646149,movavg,True,serverless_predictive_movavg
serverless_predictive_movavg,bimodal,12,9,1,8,67,0,0,4,3,10.394900977611542,movavg,True,serverless_predictive_movavg
serverless_predictive_movavg,bimodal,13,9,2,7,68,0,0,4,3,8.50384372472763,movavg,True,serverless_predictive_movavg
serverless_predictive_movavg,bimodal,14,6,0,6,69,0,0,4,3,6.563534736633301,movavg,True,serverless_predictive_movavg
serverless_predictive_fixed,bimodal,0,7,2,5,70,1,0,4,3,9.0,fixed,True,serverless_predictive_fixed
serverless_predictive_fixed,bimodal,1,11,4,7,68,2,0,4,3,9.0,fixed,True,serverless_predictive_fixed
serverless_predictive_fixed,bimodal,2,16,5,11,64,1,0,4,3,9.0,fixed,True,serverless_predictive_fixed
serverless_predictive_fixed,bimodal,3,12,3,9,66,0,0,4,3,9.0,fixed,True,serverless_predictive_fixed
serverless_predictive_fixed,bimodal,4,9,2,7,68,0,0,4,3,9.0,fixed,True,serverless_predictive_fixed
serverless_predictive_fixed,bimodal,5,3,0,3,72,0,0,4,3,9.0,fixed,True,serverless_predictive_fixed
serverless_predictive_fixed,bimodal,6,6,1,5,70,0,0,4,3,9.0,fixed,True,serverless_predictive_fixed
serverless_predictive_fixed,bimodal,7,9,2,7,68,0,0,4,3,9.0,fixed,True,serverless_predictive_fixed
serverless_predictive_fixed,bimodal,8,10,3,7,68,1,0,4,3,9.0,fixed,True,serverless_predictive_fixed
serverless_predictive_fixed,bimodal,9,10,3,7,68,1,0,4,3,9.0,fixed,True,serverless_predictive_fixed
serverless_predictive_fixed,bimodal,10,7,2,5,70,1,0,4,3,9.0,fixed,True,serverless_predictive_fixed
serverless_predictive_fixed,bimodal,11,7,1,6,69,0,0,4,3,9.0,fixed,True,serverless_predictive_fixed
serverless_predictive_fixed,bimodal,12,10,3,7,68,1,0,4,3,9.0,fixed,True,serverless_predictive_fixed
serverless_predictive_fixed,bimodal,13,9,2,7,68,0,0,4,3,9.0,fixed,True,serverless_predictive_fixed
serverless_predictive_fixed,bimodal,14,7,1,6,69,0,0,4,3,9.0,fixed,True,serverless_predictive_fixed
